dataset_index,image,ground_truth,prediction,signed_error,absolute_error,percentage_error
1,seq_000001.jpg,29,27.49546241760254,-1.504537582397461,1.504537582397461,5.1880606289567615
21,seq_000021.jpg,38,25.69521713256836,-12.30478286743164,12.30478286743164,32.381007545872734
41,seq_000041.jpg,27,25.424190521240234,-1.5758094787597656,1.5758094787597656,5.836331402813947
61,seq_000061.jpg,23,23.295101165771484,0.2951011657714844,0.2951011657714844,1.2830485468325408
81,seq_000081.jpg,16,18.530155181884766,2.5301551818847656,2.5301551818847656,15.813469886779785
101,seq_000101.jpg,31,24.431903839111328,-6.568096160888672,6.568096160888672,21.18740697060862
122,seq_000122.jpg,26,21.673025131225586,-4.326974868774414,4.326974868774414,16.64221103374775
142,seq_000142.jpg,23,21.040569305419922,-1.9594306945800781,1.9594306945800781,8.519263889478601
162,seq_000162.jpg,23,22.77086067199707,-0.2291393280029297,0.2291393280029297,0.9962579478388247
182,seq_000182.jpg,17,20.178606033325195,3.1786060333251953,3.1786060333251953,18.697682548971738
202,seq_000202.jpg,26,26.968780517578125,0.968780517578125,0.968780517578125,3.7260789137620196
223,seq_000223.jpg,22,28.427791595458984,6.427791595458984,6.427791595458984,29.217234524813566
243,seq_000243.jpg,25,21.599618911743164,-3.400381088256836,3.400381088256836,13.601524353027344
263,seq_000263.jpg,23,26.19580841064453,3.1958084106445312,3.1958084106445312,13.894819176715353
283,seq_000283.jpg,22,24.907005310058594,2.9070053100585938,2.9070053100585938,13.213660500266336
303,seq_000303.jpg,24,27.297733306884766,3.2977333068847656,3.2977333068847656,13.74055544535319
324,seq_000324.jpg,18,21.24774932861328,3.2477493286132812,3.2477493286132812,18.04305182562934
344,seq_000344.jpg,23,21.826297760009766,-1.1737022399902344,1.1737022399902344,5.103053217348845
364,seq_000364.jpg,31,24.20716094970703,-6.792839050292969,6.792839050292969,21.912384033203125
384,seq_000384.jpg,40,28.842544555664062,-11.157455444335938,11.157455444335938,27.893638610839844
404,seq_000404.jpg,47,33.08561325073242,-13.914386749267578,13.914386749267578,29.605078189931017
425,seq_000425.jpg,34,24.582279205322266,-9.417720794677734,9.417720794677734,27.69917880787569
445,seq_000445.jpg,45,30.75534439086914,-14.24465560913086,14.24465560913086,31.65479024251302
465,seq_000465.jpg,31,30.322450637817383,-0.6775493621826172,0.6775493621826172,2.1856431038148942
485,seq_000485.jpg,28,25.573280334472656,-2.4267196655273438,2.4267196655273438,8.666855948311943
505,seq_000505.jpg,28,25.714984893798828,-2.285015106201172,2.285015106201172,8.160768236432757
525,seq_000525.jpg,33,30.375377655029297,-2.624622344970703,2.624622344970703,7.953401045365767
546,seq_000546.jpg,27,25.5220947265625,-1.4779052734375,1.4779052734375,5.473723234953703
566,seq_000566.jpg,21,25.35907745361328,4.359077453613281,4.359077453613281,20.757511683872767
586,seq_000586.jpg,28,25.11698341369629,-2.883016586303711,2.883016586303711,10.296487808227539
606,seq_000606.jpg,29,23.078365325927734,-5.921634674072266,5.921634674072266,20.41942991059402
626,seq_000626.jpg,42,29.73600959777832,-12.26399040222168,12.26399040222168,29.199977148146854
647,seq_000647.jpg,40,32.986148834228516,-7.013851165771484,7.013851165771484,17.53462791442871
667,seq_000667.jpg,31,28.312767028808594,-2.6872329711914062,2.6872329711914062,8.668493455456149
687,seq_000687.jpg,31,32.994266510009766,1.9942665100097656,1.9942665100097656,6.43311777422505
707,seq_000707.jpg,37,35.845985412597656,-1.1540145874023438,1.1540145874023438,3.1189583443306588
727,seq_000727.jpg,44,29.48525619506836,-14.51474380493164,14.51474380493164,32.98805410211737
748,seq_000748.jpg,40,35.52079772949219,-4.4792022705078125,4.4792022705078125,11.198005676269531
768,seq_000768.jpg,29,24.947975158691406,-4.052024841308594,4.052024841308594,13.972499452788254
788,seq_000788.jpg,25,26.149978637695312,1.1499786376953125,1.1499786376953125,4.59991455078125
808,seq_000808.jpg,37,32.40966033935547,-4.590339660644531,4.590339660644531,12.406323407147383
828,seq_000828.jpg,29,32.576904296875,3.576904296875,3.576904296875,12.334152747844827
849,seq_000849.jpg,32,30.03640365600586,-1.9635963439941406,1.9635963439941406,6.1362385749816895
869,seq_000869.jpg,35,33.27149200439453,-1.7285079956054688,1.7285079956054688,4.938594273158483
889,seq_000889.jpg,32,26.48911476135254,-5.510885238647461,5.510885238647461,17.221516370773315
909,seq_000909.jpg,41,26.10956573486328,-14.890434265136719,14.890434265136719,36.31813235399199
929,seq_000929.jpg,26,22.187759399414062,-3.8122406005859375,3.8122406005859375,14.662463848407453
950,seq_000950.jpg,37,28.979507446289062,-8.020492553710938,8.020492553710938,21.67700690192145
970,seq_000970.jpg,47,27.615636825561523,-19.384363174438477,19.384363174438477,41.243325903060594
990,seq_000990.jpg,35,25.715713500976562,-9.284286499023438,9.284286499023438,26.52653285435268
1010,seq_001010.jpg,26,20.13055419921875,-5.86944580078125,5.86944580078125,22.574791541466347
1030,seq_001030.jpg,38,27.400962829589844,-10.599037170410156,10.599037170410156,27.89220308002673
1050,seq_001050.jpg,31,28.693866729736328,-2.306133270263672,2.306133270263672,7.4391395814957155
1071,seq_001071.jpg,37,27.831127166748047,-9.168872833251953,9.168872833251953,24.78073738716744
1091,seq_001091.jpg,25,26.2490177154541,1.2490177154541016,1.2490177154541016,4.996070861816406
1111,seq_001111.jpg,25,27.165203094482422,2.165203094482422,2.165203094482422,8.660812377929688
1131,seq_001131.jpg,25,24.47747802734375,-0.52252197265625,0.52252197265625,2.090087890625
1151,seq_001151.jpg,43,27.663448333740234,-15.336551666259766,15.336551666259766,35.66639922385992
1172,seq_001172.jpg,40,32.621368408203125,-7.378631591796875,7.378631591796875,18.446578979492188
1192,seq_001192.jpg,30,27.046167373657227,-2.9538326263427734,2.9538326263427734,9.846108754475912
1212,seq_001212.jpg,31,26.914352416992188,-4.0856475830078125,4.0856475830078125,13.179508332283266
1232,seq_001232.jpg,36,29.37204933166504,-6.627950668334961,6.627950668334961,18.410974078708225
1252,seq_001252.jpg,25,25.248414993286133,0.2484149932861328,0.2484149932861328,0.9936599731445314
1273,seq_001273.jpg,35,28.494251251220703,-6.505748748779297,6.505748748779297,18.587853567940847
1293,seq_001293.jpg,28,24.30472755432129,-3.695272445678711,3.695272445678711,13.197401591709681
1313,seq_001313.jpg,35,28.39809799194336,-6.601902008056641,6.601902008056641,18.862577165876115
1333,seq_001333.jpg,23,25.26936912536621,2.269369125366211,2.269369125366211,9.866822284200918
1353,seq_001353.jpg,28,25.341598510742188,-2.6584014892578125,2.6584014892578125,9.494291033063616
1374,seq_001374.jpg,18,22.73085594177246,4.730855941772461,4.730855941772461,26.282533009847004
1394,seq_001394.jpg,26,29.488609313964844,3.4886093139648438,3.4886093139648438,13.417728130634016
1414,seq_001414.jpg,33,32.997562408447266,-0.002437591552734375,0.002437591552734375,0.007386641068892045
1434,seq_001434.jpg,35,29.136680603027344,-5.863319396972656,5.863319396972656,16.75234113420759
1454,seq_001454.jpg,38,27.224529266357422,-10.775470733642578,10.775470733642578,28.356501930638363
1475,seq_001475.jpg,31,25.83677101135254,-5.163228988647461,5.163228988647461,16.655577382733743
1495,seq_001495.jpg,33,36.570648193359375,3.570648193359375,3.570648193359375,10.820146040482955
1515,seq_001515.jpg,37,27.7042236328125,-9.2957763671875,9.2957763671875,25.123719911317565
1535,seq_001535.jpg,34,26.866973876953125,-7.133026123046875,7.133026123046875,20.979488597196692
1555,seq_001555.jpg,44,36.267967224121094,-7.732032775878906,7.732032775878906,17.572801763361152
1575,seq_001575.jpg,25,26.426048278808594,1.4260482788085938,1.4260482788085938,5.704193115234375
1596,seq_001596.jpg,28,26.975313186645508,-1.0246868133544922,1.0246868133544922,3.659595761980329
1616,seq_001616.jpg,32,24.5491886138916,-7.450811386108398,7.450811386108398,23.283785581588745
1636,seq_001636.jpg,41,28.877456665039062,-12.122543334960938,12.122543334960938,29.567178865758386
1656,seq_001656.jpg,43,28.38686752319336,-14.61313247680664,14.61313247680664,33.9840290158294
1676,seq_001676.jpg,28,24.246784210205078,-3.753215789794922,3.753215789794922,13.404342106410436
1697,seq_001697.jpg,20,23.737144470214844,3.7371444702148438,3.7371444702148438,18.68572235107422
1717,seq_001717.jpg,34,29.04294776916504,-4.957052230834961,4.957052230834961,14.57956538480871
1737,seq_001737.jpg,28,30.50662612915039,2.5066261291503906,2.5066261291503906,8.95223617553711
1757,seq_001757.jpg,39,25.608642578125,-13.391357421875,13.391357421875,34.33681390224359
1777,seq_001777.jpg,32,27.606964111328125,-4.393035888671875,4.393035888671875,13.72823715209961
1798,seq_001798.jpg,39,24.560359954833984,-14.439640045166016,14.439640045166016,37.024718064528244
1818,seq_001818.jpg,31,26.41692543029785,-4.583074569702148,4.583074569702148,14.784111515168222
1838,seq_001838.jpg,36,26.31676483154297,-9.683235168457031,9.683235168457031,26.8978754679362
1858,seq_001858.jpg,35,30.573951721191406,-4.426048278808594,4.426048278808594,12.645852225167411
1878,seq_001878.jpg,26,26.587032318115234,0.5870323181152344,0.5870323181152344,2.257816608135517
1899,seq_001899.jpg,30,28.320030212402344,-1.6799697875976562,1.6799697875976562,5.5998992919921875
1919,seq_001919.jpg,39,33.624305725097656,-5.375694274902344,5.375694274902344,13.783831474108574
1939,seq_001939.jpg,25,27.90090560913086,2.9009056091308594,2.9009056091308594,11.603622436523438
1959,seq_001959.jpg,28,22.25400161743164,-5.745998382568359,5.745998382568359,20.521422794887
1979,seq_001979.jpg,30,23.04025650024414,-6.959743499755859,6.959743499755859,23.199144999186196
2000,seq_002000.jpg,26,21.463937759399414,-4.536062240600586,4.536062240600586,17.446393233079178
